text,label
"I love this product, it works perfectly",0
"The experience was excellent and very reliable",0
"This platform is fast, stable and useful",0
"The model gives accurate and helpful results",0
"The deployment pipeline is working beautifully",0
"This service is impressive and easy to use",0
"Amazing quality and outstanding performance",0
"I really enjoy using this, it is great",0
"The results are always reliable and helpful",0
"Perfect functionality and excellent design",0
"This is absolutely terrible and I hate it",0
"Complete failure, nothing works as expected",0
"Totally useless and a waste of time",0
"Worst experience I have ever had",0
"The product is broken and very frustrating",0
"Extremely poor quality and unreliable output",0
"I am so disappointed with this result",0
"This does not work at all, very bad",0
"The system is slow and keeps crashing",0
"Horrible interface and terrible performance",0
"I cannot stand how bad this is performing",0
"The service failed completely and wasted my time",0
"Very inaccurate predictions and bad results",0
"This pipeline has too many errors and bugs",0
"Unreliable and inconsistent output every time",0
"Outstanding and very reliable system",0
"The results are consistently accurate and useful",0
"Great performance with excellent accuracy",0
"This works flawlessly and is very efficient",0
"Impressive stability and high quality output",0